日期,星期,步数,距离km,活动热量kcal,血氧日均%,血氧日最低%,压力日均,压力峰值,静息心率_睡眠P5bpm,睡眠期平均心率bpm,清醒期平均心率bpm,夜间心率下降率%,日峰值心率bpm,中高强度分钟(>=119bpm),步数目标(8000)是否达标
2023-08-06,日,193,0.15,5.2,,,,,,,,,,,否
2023-08-07,一,185,0.14,5.0,,,,,,,,,,,否
2023-08-10,四,336,0.26,9.1,,,,,,,,,,,否
2023-08-11,五,113,0.09,3.1,,,,,,,,,,,否
2023-08-12,六,4118,3.17,111.2,,,,,,,,,,,否
2023-08-13,日,11,0.01,0.3,,,,,,,,,,,否
2023-08-14,一,229,0.18,6.2,,,,,,,,,,,否
2023-08-15,二,192,0.15,5.2,,,,,,,,,,,否
2023-08-16,三,141,0.11,3.8,,,,,,,,,,,否
2023-08-17,四,257,0.2,6.9,,,,,,,,,,,否
2023-08-19,六,102,0.08,2.8,,,,,,,,,,,否
2023-08-20,日,90,0.07,2.4,,,,,,,,,,,否
2023-08-21,一,21,0.02,0.6,,,,,,,,,,,否
2023-08-22,二,12,0.01,0.3,,,,,,,,,,,否
2023-08-24,四,166,0.13,4.5,,,,,,,,,,,否
2023-08-25,五,55,0.04,1.5,,,,,,,,,,,否
2023-08-26,六,527,0.41,14.2,,,,,,,,,,,否
2023-08-28,一,50,0.04,1.4,,,,,,,,,,,否
2023-08-29,二,1,0.0,0.0,,,,,,,,,,,否
2023-08-30,三,200,0.15,5.4,,,,,,,,,,,否
2023-08-31,四,179,0.14,4.8,,,,,,,,,,,否
2023-09-01,五,3474,2.67,93.8,,,,,,,,,,,否
2023-09-02,六,609,0.47,16.4,,,,,,,,,,,否
2023-09-03,日,106,0.08,2.9,,,,,,,,,,,否
2023-09-04,一,287,0.22,7.7,,,,,,,,,,,否
2023-09-05,二,2363,1.82,63.8,,,,,,,,,,,否
2023-09-16,六,4483,3.45,121.0,,,,,,,,,,,否
2023-09-17,日,4346,3.35,117.3,,,,,,,,,,,否
2023-09-18,一,40,0.03,1.1,,,,,,,,,,,否
2023-09-19,二,1998,1.54,53.9,,,,,,,,,,,否
2023-09-20,三,31,0.02,0.8,,,,,,,,,,,否
2023-09-21,四,1495,1.15,40.4,,,,,,,,,,,否
2023-09-22,五,2806,2.16,75.8,,,,,,,,,,,否
2023-09-25,一,1856,1.43,50.1,,,,,,,,,,,否
2023-09-26,二,2598,2.0,70.1,,,,,,,,,,,否
2023-09-27,三,3244,2.5,87.6,,,,,,,,,,,否
2023-09-28,四,3065,2.36,82.8,,,,,,,,,,,否
2023-09-29,五,3320,2.56,89.6,,,,,,,,,,,否
2023-10-01,日,3186,2.45,86.0,,,,,,,,,,,否
2023-10-02,一,46,0.04,1.2,,,,,,,,,,,否
2023-10-03,二,494,0.38,13.3,,,,,,,,,,,否
2023-10-04,三,4310,3.32,116.4,,,,,,,,,,,否
2023-10-05,四,8,0.01,0.2,,,,,,,,,,,否
2023-10-06,五,1314,1.01,35.5,,,,,,,,,,,否
2023-10-07,六,6495,5.0,175.4,,,,,,,,,,,否
2023-10-08,日,8776,6.76,237.0,,,,,,,,,,,是
2023-10-10,二,6530,5.03,176.3,,,,,,,,,,,否
2023-10-11,三,12618,9.72,340.7,,,,,,,,,,,是
2023-10-12,四,13259,10.21,358.0,,,,,,,,,,,是
2023-10-13,五,12443,9.58,336.0,,,,,,,,,,,是
2023-10-14,六,10028,7.72,270.8,,,,,,,,,,,是
2023-10-15,日,7954,6.12,214.8,,,,,,,,,,,否
2023-10-16,一,4478,3.45,120.9,,,,,,,,,,,否
2024-01-08,一,1405,1.08,37.9,,,,,,,,,,,否
2024-01-09,二,7523,5.79,203.1,,,,,,,,,,,否
2024-01-10,三,12869,9.91,347.5,,,,,,,,,,,是
2024-01-11,四,23951,18.44,646.7,,,,,,,,,,,是
2024-01-12,五,5265,4.05,142.2,,,,,,,,,,,否
2024-01-13,六,698,0.54,18.8,,,,,,,,,,,否
2024-01-14,日,261,0.2,7.0,,,,,,,,,,,否
2024-01-15,一,263,0.2,7.1,,,,,,,,,,,否
2024-01-16,二,432,0.33,11.7,,,,,,,,,,,否
2024-01-17,三,1662,1.28,44.9,,,,,,,,,,,否
2024-01-18,四,540,0.42,14.6,,,,,,,,,,,否
2024-01-19,五,231,0.18,6.2,,,,,,,,,,,否
2024-01-20,六,288,0.22,7.8,,,,,,,,,,,否
2024-01-21,日,997,0.77,26.9,,,,,,,,,,,否
2024-01-22,一,2762,2.12,74.6,,,,,,,,,,,否
2024-01-23,二,1135,0.87,30.6,,,,,,,,,,,否
2024-01-24,三,2925,2.25,79.0,,,,,,,,,,,否
2024-01-25,四,30,0.02,0.8,,,,,,,,,,,否
2024-01-26,五,778,0.6,21.0,,,,,,,,,,,否
2024-01-27,六,4792,3.69,129.4,,,,,,,,,,,否
2024-01-28,日,1815,1.4,49.0,,,,,,,,,,,否
2024-01-29,一,418,0.32,11.3,,,,,,,,,,,否
2024-01-30,二,654,0.5,17.7,,,,,,,,,,,否
2024-01-31,三,1234,0.95,33.3,,,,,,,,,,,否
2024-02-01,四,861,0.66,23.2,,,,,,,,,,,否
2024-02-02,五,1908,1.46,51.5,,,,,,,,,,,否
2024-02-03,六,888,0.68,24.0,,,,,,,,,,,否
2024-02-04,日,713,0.55,19.3,,,,,,,,,,,否
2024-02-05,一,1352,1.04,36.5,,,,,,,,,,,否
2024-02-06,二,4148,3.18,112.0,,,,,,,,,,,否
2024-02-07,三,1389,1.07,37.5,,,,,,,,,,,否
2024-02-08,四,527,0.4,14.2,,,,,,,,,,,否
2024-02-09,五,4638,3.56,125.2,,,,,,,,,,,否
2024-02-10,六,2012,1.55,54.3,,,,,,,,,,,否
2024-02-11,日,19643,15.08,530.4,,,,,,,,,,,是
2024-02-12,一,2323,1.79,62.7,,,,,,,,,,,否
2024-02-13,二,2057,1.58,55.5,,,,,,,,,,,否
2024-02-14,三,1467,1.13,39.6,,,,,,,,,,,否
2024-02-15,四,385,0.3,10.4,,,,,,,,,,,否
2024-02-16,五,299,0.23,8.1,,,,,,,,,,,否
2024-02-17,六,131,0.1,3.5,,,,,,,,,,,否
2024-02-18,日,225,0.17,6.1,,,,,,,,,,,否
2024-02-19,一,4952,3.8,133.7,,,,,,,,,,,否
2024-02-20,二,5934,4.55,160.2,,,,,,,,,,,否
2024-02-21,三,41,0.03,1.1,,,,,,,,,,,否
2024-02-22,四,739,0.57,20.0,,,,,,,,,,,否
2024-02-23,五,415,0.32,11.2,,,,,,,,,,,否
2024-02-24,六,204,0.16,5.5,,,,,,,,,,,否
2024-02-25,日,4188,3.22,113.1,,,,,,,,,,,否
2024-02-26,一,6554,5.05,177.0,,,,,,,,,,,否
2024-02-27,二,5141,3.96,138.8,,,,,,,,,,,否
2024-02-28,三,6845,5.27,184.8,,,,,,,,,,,否
2024-02-29,四,6084,4.68,164.3,,,,,,,,,,,否
2024-03-01,五,8324,6.41,224.7,,,,,,,,,,,是
2024-03-02,六,8130,6.26,219.5,,,,,,,,,,,是
2024-03-03,日,8998,6.93,242.9,,,,,,,,,,,是
2024-03-04,一,11350,8.74,306.5,,,,,,,,,,,是
2024-03-05,二,7014,5.4,189.4,,,,,,,,,,,否
2024-03-06,三,9037,6.96,244.0,,,,,,,,,,,是
2024-03-07,四,15335,11.81,414.0,,,,,,,,,,,是
2024-03-08,五,11033,8.5,297.9,,,,,,,,,,,是
2024-03-09,六,998,0.77,26.9,,,,,,,,,,,否
2024-03-10,日,14140,10.89,381.8,,,,,,,,,,,是
2024-03-11,一,8260,6.36,223.0,,,,,,,,,,,是
2024-03-12,二,6240,4.8,168.5,,,,,,,,,,,否
2024-03-13,三,8729,6.72,235.7,,,,,,,,,,,是
2024-03-14,四,14418,11.1,389.3,,,,,,,,,,,是
2024-03-15,五,6075,4.68,164.0,,,,,,,,,,,否
2024-03-16,六,1044,0.8,28.2,,,,,,,,,,,否
2024-03-17,日,6526,5.03,176.2,,,,,,,,,,,否
2024-03-18,一,6484,4.99,175.1,,,,,,,,,,,否
2024-03-19,二,3907,3.01,105.5,,,,,,,,,,,否
2024-03-20,三,11272,8.68,304.3,,,,,,,,,,,是
2024-03-21,四,10107,7.78,272.9,,,,,,,,,,,是
2024-03-22,五,6072,4.68,163.9,,,,,,,,,,,否
2024-03-23,六,4169,3.21,112.6,,,,,,,,,,,否
2024-03-24,日,7162,5.51,193.4,,,,,,,,,,,否
2024-03-25,一,7705,5.93,208.0,,,,,,,,,,,否
2024-03-26,二,7712,5.94,208.2,,,,,,,,,,,否
2024-03-27,三,8702,6.7,235.0,,,,,,,,,,,是
2024-03-28,四,9023,6.95,243.6,,,,,,,,,,,是
2024-03-29,五,19821,15.26,535.2,,,,,,,,,,,是
2024-03-30,六,15668,12.06,423.0,,,,,,,,,,,是
2024-03-31,日,5202,4.01,140.5,,,,,,,,,,,否
2024-04-01,一,7673,5.91,207.2,,,,,,,,,,,否
2024-04-02,二,10319,7.95,278.6,,,,,,,,,,,是
2024-04-03,三,7107,5.47,191.9,,,,,,,,,,,否
2024-04-04,四,864,0.67,23.3,,,,,,,,,,,否
2024-04-05,五,2390,1.84,64.5,,,,,,,,,,,否
2024-04-06,六,9467,7.29,255.6,,,,,,,,,,,是
2024-04-07,日,5585,4.3,150.8,,,,,,,,,,,否
2024-04-08,一,6206,4.78,167.6,,,,,,,,,,,否
2024-04-09,二,6825,5.26,184.3,,,,,,,,,,,否
2024-04-10,三,8991,6.92,242.8,,,,,,,,,,,是
2024-04-11,四,9753,7.51,263.3,,,,,,,,,,,是
2024-04-12,五,7066,5.44,190.8,,,,,,,,,,,否
2024-04-13,六,6272,4.94,169.3,,,,,,,,,,,否
2024-04-14,日,3258,2.57,88.0,,,,,,,,,,,否
2024-04-15,一,9296,7.32,251.0,,,,,,,,,,,是
2024-04-16,二,4514,3.55,121.9,,,,,,,,,,,否
2024-04-17,三,10937,8.61,295.3,,,,,,,,,,,是
2024-04-18,四,4543,3.58,122.7,,,,,,,,,,,否
2024-04-19,五,8271,6.51,223.3,,,,,,,,,,,是
2024-04-20,六,1423,1.12,38.4,,,,,,,,,,,否
2024-04-21,日,4036,3.18,109.0,,,,,,,,,,,否
2024-04-22,一,7723,6.08,208.5,,,,,,,,,,,否
2024-04-23,二,6348,5.0,171.4,,,,,,,,,,,否
2024-04-24,三,7350,5.79,198.5,,,,,,,,,,,否
2024-04-25,四,5533,4.36,149.4,,,,,,,,,,,否
2024-04-26,五,6632,5.22,179.1,,,,,,,,,,,否
2024-04-27,六,663,0.52,17.9,,,,,,,,,,,否
2024-04-28,日,9290,7.32,250.8,,,,,,,,,,,是
2024-04-29,一,10815,8.52,292.0,,,,,,,,,,,是
2024-04-30,二,6191,4.88,167.2,,,,,,,,,,,否
2024-05-01,三,257,0.2,6.9,,,,,,,,,,,否
2024-05-02,四,122,0.1,3.3,,,,,,,,,,,否
2024-05-03,五,468,0.37,12.6,,,,,,,,,,,否
2024-05-04,六,6787,5.34,183.2,,,,,,,,,,,否
2024-05-05,日,5065,3.99,136.8,,,,,,,,,,,否
2024-05-06,一,21898,17.24,591.2,,,,,,,,,,,是
2024-05-07,二,4685,3.69,126.5,,,,,,,,,,,否
2024-05-08,三,6464,5.09,174.5,,,,,,,,,,,否
2024-05-09,四,8300,6.54,224.1,,,,,,,,,,,是
2024-05-10,五,4119,3.24,111.2,,,,,,,,,,,否
2024-05-11,六,4024,3.17,108.6,,,,,,,,,,,否
2024-05-12,日,2702,2.13,73.0,,,,,,,,,,,否
2024-05-13,一,6289,17.47,741.2,,,,,,,,,,,否
2024-05-14,二,1231,0.97,33.2,,,,,,,,,,,否
2024-05-15,三,5526,4.35,149.2,,,,,,,,,,,否
2024-05-16,四,6595,5.19,178.1,,,,,,,,,,,否
2024-05-17,五,4251,3.35,114.8,,,,,,,,,,,否
2024-05-18,六,3533,2.78,95.4,,,,,,,,,,,否
2024-05-19,日,4209,3.31,113.6,,,,,,,,,,,否
2024-05-20,一,2532,1.99,68.4,,,,,,,,,,,否
2024-05-21,二,6633,5.22,179.1,,,,,,,,,,,否
2024-05-22,三,5114,4.03,138.1,,,,,,,,,,,否
2024-05-23,四,14423,11.36,389.4,,,,,,,,,,,是
2024-05-24,五,4970,3.91,134.2,,,,,,,,,,,否
2024-05-25,六,4066,3.2,109.8,,,,,,,,,,,否
2024-05-26,日,1156,0.91,31.2,,,,,,,,,,,否
2024-05-27,一,3157,2.49,85.2,,,,,,,,,,,否
2024-05-28,二,2933,2.31,79.2,,,,,,,,,,,否
2024-05-29,三,7743,6.1,209.1,,,,,,,,,,,否
2024-05-30,四,4832,3.81,130.5,,,,,,,,,,,否
2024-05-31,五,6720,5.29,181.4,,,,,,,,,,,否
2024-06-01,六,1767,1.39,47.7,,,,,,,,,,,否
2024-06-02,日,8456,6.66,228.3,,,,,,,,,,,是
2024-06-03,一,4947,3.9,133.6,,,,,,,,,,,否
2024-06-04,二,6256,4.93,168.9,,,,,,,,,,,否
2024-06-05,三,5989,4.72,161.7,,,,,,,,,,,否
2024-06-06,四,4935,3.89,133.2,,,,,,,,,,,否
2024-06-07,五,3049,2.4,82.3,,,,,,,,,,,否
2024-06-08,六,10115,7.97,273.1,,,,,,,,,,,是
2024-06-09,日,1479,1.16,39.9,,,,,,,,,,,否
2024-06-10,一,3378,2.66,91.2,,,,,,,,,,,否
2024-06-11,二,2784,2.19,75.2,,,,,,,,,,,否
2024-06-12,三,6031,4.75,162.8,,,,,,,,,,,否
2024-06-13,四,3048,2.4,82.3,,,,,,,,,,,否
2024-06-14,五,7092,5.58,191.5,,,,,,,,,,,否
2024-06-15,六,3494,2.75,94.3,,,,,,,,,,,否
2024-06-16,日,5929,4.67,160.1,,,,,,,,,,,否
2024-06-17,一,3884,2.99,104.9,,,,,,,,,,,否
2024-06-18,二,2966,2.28,80.1,,,,,,,,,,,否
2024-06-19,三,4926,3.79,133.0,,,,,,,,,,,否
2024-06-20,四,2157,1.66,58.2,,,,,,,,,,,否
2024-06-21,五,2899,2.23,78.3,,,,,,,,,,,否
2024-06-22,六,1969,1.52,53.2,,,,,,,,,,,否
2024-06-23,日,2724,2.1,73.5,,,,,,,,,,,否
2024-06-24,一,800,0.62,21.6,,,,,,,,,,,否
2024-06-25,二,1574,1.21,42.5,,,,,,,,,,,否
2024-06-26,三,1766,1.36,47.7,,,,,,,,,,,否
2024-06-27,四,2205,1.7,59.5,,,,,,,,,,,否
2024-06-28,五,3354,2.58,90.6,,,,,,,,,,,否
2024-06-29,六,2122,1.63,57.3,,,,,,,,,,,否
2024-06-30,日,1653,1.27,44.6,,,,,,,,,,,否
2024-07-01,一,6546,5.04,176.7,,,,,,,,,,,否
2024-07-02,二,5106,3.93,137.9,,,,,,,,,,,否
2024-07-03,三,2935,2.26,79.2,,,,,,,,,,,否
2024-07-04,四,1846,1.42,49.8,,,,,,,,,,,否
2024-07-05,五,2172,1.67,58.6,,,,,,,,,,,否
2024-07-06,六,2449,1.93,66.1,,,,,,,,,,,否
2024-07-07,日,5041,3.97,136.1,,,,,,,,,,,否
2024-07-08,一,4504,3.55,121.6,,,,,,,,,,,否
2024-07-09,二,2395,1.89,64.7,,,,,,,,,,,否
2024-07-10,三,1783,1.4,48.1,,,,,,,,,,,否
2024-07-11,四,3112,2.45,84.0,,,,,,,,,,,否
2024-07-12,五,5069,3.9,136.9,,,,,,,,,,,否
2024-07-13,六,3962,3.05,107.0,,,,,,,,,,,否
2024-07-14,日,1019,0.78,27.5,,,,,,,,,,,否
2024-07-15,一,1429,1.1,38.6,,,,,,,,,,,否
2024-07-16,二,572,0.44,15.4,,,,,,,,,,,否
2024-07-17,三,1340,1.03,36.2,,,,,,,,,,,否
2024-07-18,四,442,0.34,11.9,,,,,,,,,,,否
2024-07-19,五,940,0.72,25.4,,,,,,,,,,,否
2024-07-20,六,654,0.52,17.7,,,,,,,,,,,否
2024-07-21,日,447,0.35,12.1,,,,,,,,,,,否
2024-07-22,一,647,0.51,17.5,,,,,,,,,,,否
2024-07-23,二,391,0.31,10.6,,,,,,,,,,,否
2024-07-24,三,664,0.52,17.9,,,,,,,,,,,否
2024-07-25,四,4038,3.18,109.0,,,,,,,,,,,否
2024-07-26,五,1889,1.49,51.0,,,,,,,,,,,否
2024-07-27,六,787,0.62,21.2,,,,,,,,,,,否
2024-07-28,日,1187,0.93,32.0,,,,,,,,,,,否
2024-07-29,一,757,0.6,20.4,,,,,,,,,,,否
2024-07-30,二,2059,1.59,55.6,,,,,,,,,,,否
2024-07-31,三,2608,2.01,70.4,,,,,,,,,,,否
2024-08-01,四,439,0.34,11.9,,,,,,,,,,,否
2024-08-02,五,299,0.23,8.1,,,,,,,,,,,否
2024-08-03,六,2184,1.68,59.0,,,,,,,,,,,否
2024-08-04,日,604,0.47,16.3,,,,,,,,,,,否
2024-08-05,一,546,0.42,14.7,,,,,,,,,,,否
2024-08-06,二,1695,1.31,45.8,,,,,,,,,,,否
2024-08-07,三,555,0.43,15.0,,,,,,,,,,,否
2024-08-08,四,545,0.42,14.7,,,,,,,,,,,否
2024-08-09,五,914,0.7,24.7,,,,,,,,,,,否
2024-08-10,六,996,0.77,26.9,,,,,,,,,,,否
2024-08-11,日,585,0.45,15.8,,,,,,,,,,,否
2024-08-12,一,3052,2.35,82.4,,,,,,,,,,,否
2024-08-13,二,487,0.38,13.1,,,,,,,,,,,否
2024-08-14,三,470,0.36,12.7,,,,,,,,,,,否
2024-08-15,四,244,0.19,6.6,,,,,,,,,,,否
2024-08-16,五,514,0.4,13.9,,,,,,,,,,,否
2024-08-17,六,747,0.58,20.2,,,,,,,,,,,否
2024-08-18,日,1120,0.86,30.2,,,,,,,,,,,否
2024-08-19,一,1416,1.09,38.2,,,,,,,,,,,否
2024-08-20,二,971,0.75,26.2,,,,,,,,,,,否
2024-08-21,三,5534,4.26,149.4,,,,,,,,,,,否
2024-08-22,四,582,0.45,15.7,,,,,,,,,,,否
2024-08-23,五,461,0.35,12.4,,,,,,,,,,,否
2024-08-24,六,631,0.49,17.0,,,,,,,,,,,否
2024-08-25,日,426,0.33,11.5,,,,,,,,,,,否
2024-08-26,一,1634,1.29,44.1,,,,,,,,,,,否
2024-08-27,二,681,0.54,18.4,,,,,,,,,,,否
2024-08-28,三,573,0.45,15.5,,,,,,,,,,,否
2024-08-29,四,708,0.56,19.1,,,,,,,,,,,否
2024-08-30,五,529,0.42,14.3,,,,,,,,,,,否
2024-08-31,六,3616,2.85,97.6,,,,,,,,,,,否
2024-09-01,日,7926,6.1,214.0,,,,,,,,,,,否
2024-09-02,一,6727,5.18,181.6,,,,,,,,,,,否
2024-09-03,二,4055,3.12,109.5,,,,,,,,,,,否
2024-09-04,三,4258,3.35,115.0,,,,,,,,,,,否
2024-09-05,四,3913,3.08,105.7,,,,,,,,,,,否
2024-09-06,五,3778,2.98,102.0,,,,,,,,,,,否
2024-09-07,六,1543,1.22,41.7,,,,,,,,,,,否
2024-09-08,日,2288,1.8,61.8,,,,,,,,,,,否
2024-09-09,一,3144,2.48,84.9,,,,,,,,,,,否
2024-09-10,二,4594,3.62,124.0,,,,,,,,,,,否
2024-09-11,三,2536,2.0,68.5,,,,,,,,,,,否
2024-09-12,四,5524,4.35,149.1,,,,,,,,,,,否
2024-09-13,五,5112,4.03,138.0,,,,,,,,,,,否
2024-09-14,六,7407,5.83,200.0,,,,,,,,,,,否
2024-09-15,日,3875,3.05,104.6,,,,,,,,,,,否
2024-09-16,一,8477,6.53,228.9,,,,,,,,,,,是
2024-09-17,二,3863,2.97,104.3,,,,,,,,,,,否
2024-09-18,三,5264,4.05,142.1,,,,,,,,,,,否
2024-09-19,四,2652,2.04,71.6,,,,,,,,,,,否
2024-09-20,五,3551,2.73,95.9,,,,,,,,,,,否
2024-09-21,六,1762,1.36,47.6,,,,,,,,,,,否
2024-09-22,日,4878,3.76,131.7,,,,,,,,,,,否
2024-09-23,一,4326,3.33,116.8,,,,,,,,,,,否
2024-09-24,二,6345,4.89,171.3,,,,,,,,,,,否
2024-09-25,三,4073,3.14,110.0,,,,,,,,,,,否
2024-09-26,四,5543,4.27,149.7,,,,,,,,,,,否
2024-09-27,五,10337,7.96,279.1,,,,,,,,,,,是
2024-09-28,六,1964,1.51,53.0,,,,,,,,,,,否
2024-09-29,日,6641,5.11,179.3,,,,,,,,,,,否
2024-09-30,一,7130,5.49,192.5,,,,,,,,,,,否
2024-10-01,二,1482,1.14,40.0,,,,,,,,,,,否
2024-10-02,三,3335,2.57,90.0,,,,,,,,,,,否
2024-10-03,四,838,0.65,22.6,,,,,,,,,,,否
2024-10-04,五,3200,2.46,86.4,,,,,,,,,,,否
2024-10-05,六,1583,1.22,42.7,,,,,,,,,,,否
2024-10-06,日,2175,1.67,58.7,,,,,,,,,,,否
2024-10-07,一,595,0.46,16.1,,,,,,,,,,,否
2024-10-08,二,10603,8.16,286.3,,,,,,,,,,,是
2024-10-09,三,7332,5.65,198.0,,,,,,,,,,,否
2024-10-10,四,9482,7.3,256.0,,,,,,,,,,,是
2024-10-11,五,6271,4.83,169.3,,,,,,,,,,,否
2024-10-12,六,7448,5.74,201.1,,,,,,,,,,,否
2024-10-13,日,6623,5.1,178.8,,,,,,,,,,,否
2024-10-14,一,7523,5.79,203.1,,,,,,,,,,,否
2024-10-15,二,9149,7.04,247.0,,,,,,,,,,,是
2024-10-16,三,10571,8.14,285.4,,,,,,,,,,,是
2024-10-17,四,4094,3.15,110.5,,,,,,,,,,,否
2024-10-18,五,6298,4.85,170.0,,,,,,,,,,,否
2024-10-19,六,1350,1.04,36.4,,,,,,,,,,,否
2024-10-20,日,2686,2.07,72.5,,,,,,,,,,,否
2024-10-21,一,10481,8.07,283.0,,,,,,,,,,,是
2024-10-22,二,15596,12.28,421.1,,,,,,,,,,,是
2024-10-23,三,15032,11.84,405.9,,,,,,,,,,,是
2024-10-24,四,11156,8.79,301.2,,,,,,,,,,,是
2024-10-25,五,12500,9.84,337.5,,,,,,,,,,,是
2024-10-26,六,9106,7.17,245.9,,,,,,,,,,,是
2024-10-27,日,5500,4.33,148.5,,,,,,,,,,,否
2024-10-28,一,13332,10.5,360.0,,,,,,,,,,,是
2024-10-29,二,12332,9.71,333.0,,,,,,,,,,,是
2024-10-30,三,5372,4.23,145.0,,,,,,,,,,,否
2024-10-31,四,6342,4.99,171.2,,,,,,,,,,,否
2024-11-01,五,6890,5.43,186.0,,,,,,,,,,,否
2024-11-02,六,7454,5.87,201.3,,,,,,,,,,,否
2024-11-03,日,5887,4.64,158.9,,,,,,,,,,,否
2024-11-04,一,14718,11.59,397.4,,,,,,,,,,,是
2024-11-05,二,17255,13.59,465.9,,,,,,,,,,,是
2024-11-06,三,15974,12.58,431.3,,,,,,,,,,,是
2024-11-07,四,6405,5.04,172.9,,,,,,,,,,,否
2024-11-08,五,9861,7.77,266.2,,,,,,,,,,,是
2024-11-09,六,4715,3.71,127.3,,,,,,,,,,,否
2024-11-10,日,6783,5.34,183.1,,,,,,,,,,,否
2024-11-11,一,5957,4.69,160.8,,,,,,,,,,,否
2024-11-12,二,9509,7.49,256.7,,,,,,,,,,,是
2024-11-13,三,7742,6.1,209.0,,,,,,,,,,,否
2024-11-14,四,4162,3.28,112.4,,,,,,,,,,,否
2024-11-15,五,6177,4.86,166.8,,,,,,,,,,,否
2024-11-16,六,4441,3.5,119.9,,,,,,,,,,,否
2024-11-17,日,2923,2.3,78.9,,,,,,,,,,,否
2024-11-18,一,6551,5.16,176.9,,,,,,,,,,,否
2024-11-19,二,5757,4.53,155.4,,,,,,,,,,,否
2024-11-20,三,5486,4.32,148.1,,,,,,,,,,,否
2024-11-21,四,3113,2.45,84.1,,,,,,,,,,,否
2024-11-22,五,5106,4.02,137.9,,,,,,,,,,,否
2024-11-23,六,8350,6.58,225.5,,,,,,,,,,,是
2024-11-24,日,10626,8.37,286.9,,,,,,,,,,,是
2024-11-25,一,8049,6.34,217.3,,,,,,,,,,,是
2024-11-26,二,7290,5.74,196.8,,,,,,,,,,,否
2024-11-27,三,4086,3.22,110.3,,,,,,,,,,,否
2024-11-28,四,3827,2.95,103.3,,,,,,,,,,,否
2024-11-29,五,4512,3.47,121.8,,,,,,,,,,,否
2024-11-30,六,4047,3.19,109.3,,,,,,,,,,,否
2024-12-01,日,4469,3.52,120.7,,,,,,,,,,,否
2024-12-02,一,5718,4.5,154.4,,,,,,,,,,,否
2024-12-03,二,4229,3.33,114.2,,,,,,,,,,,否
2024-12-04,三,4944,3.89,133.5,,,,,,,,,,,否
2024-12-05,四,4093,3.22,110.5,,,,,,,,,,,否
2024-12-06,五,4260,3.35,115.0,,,,,,,,,,,否
2024-12-07,六,7957,6.27,214.8,,,,,,,,,,,否
2024-12-08,日,2939,2.31,79.4,,,,,,,,,,,否
2024-12-09,一,5492,4.32,148.3,,,,,,,,,,,否
2024-12-10,二,6010,4.73,162.3,,,,,,,,,,,否
2024-12-11,三,6036,4.75,163.0,,,,,,,,,,,否
2024-12-12,四,3381,2.66,91.3,,,,,,,,,,,否
2024-12-13,五,4245,3.34,114.6,,,,,,,,,,,否
2024-12-14,六,5375,4.23,145.1,,,,,,,,,,,否
2024-12-15,日,5584,4.4,150.8,,,,,,,,,,,否
2024-12-16,一,6100,4.8,164.7,,,,,,,,,,,否
2024-12-17,二,8369,6.59,226.0,,,,,,,,,,,是
2024-12-18,三,2574,2.03,69.5,,,,,,,,,,,否
2024-12-19,四,559,0.44,15.1,,,,,,,,,,,否
2024-12-20,五,2811,2.21,75.9,,,,,,,,,,,否
2024-12-21,六,1640,1.29,44.3,,,,,,,,,,,否
2024-12-22,日,1025,0.81,27.7,,,,,,,,,,,否
2024-12-23,一,1715,1.35,46.3,,,,,,,,,,,否
2024-12-24,二,2558,2.01,69.1,,,,,,,,,,,否
2024-12-25,三,1687,1.33,45.5,,,,,,,,,,,否
2024-12-26,四,3045,2.4,82.2,,,,,,,,,,,否
2024-12-27,五,4015,3.16,108.4,,,,,,,,,,,否
2024-12-28,六,4198,3.31,113.3,,,,,,,,,,,否
2024-12-29,日,2851,2.25,77.0,,,,,,,,,,,否
2024-12-30,一,2877,2.27,77.7,,,,,,,,,,,否
2024-12-31,二,7285,5.74,196.7,,,,,,,,,,,否
2025-01-01,三,1212,0.95,32.7,,,,,,,,,,,否
2025-01-02,四,1987,1.56,53.6,,,,,,,,,,,否
2025-01-03,五,1734,1.37,46.8,,,,,,,,,,,否
2025-01-04,六,1301,1.02,35.1,,,,,,,,,,,否
2025-01-05,日,1401,1.1,37.8,,,,,,,,,,,否
2025-01-06,一,1669,1.31,45.1,,,,,,,,,,,否
2025-01-07,二,1958,1.54,52.9,,,,,,,,,,,否
2025-01-08,三,412,0.32,11.1,,,,,,,,,,,否
2025-01-09,四,1049,0.83,28.3,,,,,,,,,,,否
2025-01-10,五,972,0.77,26.2,,,,,,,,,,,否
2025-01-11,六,1102,0.87,29.8,,,,,,,,,,,否
2025-01-12,日,1006,0.79,27.2,,,,,,,,,,,否
2025-01-13,一,1254,0.99,33.9,,,,,,,,,,,否
2025-01-14,二,3250,2.56,87.8,,,,,,,,,,,否
2025-01-15,三,2548,2.01,68.8,,,,,,,,,,,否
2025-01-16,四,1454,1.15,39.3,,,,,,,,,,,否
2025-01-17,五,7758,6.11,209.5,,,,,,,,,,,否
2025-01-18,六,2260,1.78,61.0,,,,,,,,,,,否
2025-01-19,日,2904,2.29,78.4,,,,,,,,,,,否
2025-01-20,一,2479,1.95,66.9,,,,,,,,,,,否
2025-01-21,二,586,0.46,15.8,,,,,,,,,,,否
2025-01-22,三,1331,1.05,35.9,,,,,,,,,,,否
2025-01-23,四,689,0.54,18.6,,,,,,,,,,,否
2025-01-24,五,3633,2.86,98.1,,,,,,,,,,,否
2025-01-25,六,627,0.49,16.9,,,,,,,,,,,否
2025-01-26,日,3338,2.63,90.1,,,,,,,,,,,否
2025-01-27,一,513,0.4,13.9,,,,,,,,,,,否
2025-01-28,二,1300,1.02,35.1,,,,,,,,,,,否
2025-01-29,三,1284,1.01,34.7,,,,,,,,,,,否
2025-01-30,四,1095,0.86,29.6,,,,,,,,,,,否
2025-01-31,五,1932,1.52,52.2,,,,,,,,,,,否
2025-02-01,六,907,0.71,24.5,,,,,,,,,,,否
2025-02-02,日,295,0.23,8.0,,,,,,,,,,,否
2025-02-03,一,702,0.55,19.0,,,,,,,,,,,否
2025-02-04,二,291,0.23,7.9,,,,,,,,,,,否
2025-02-05,三,385,0.3,10.4,,,,,,,,,,,否
2025-02-06,四,410,0.32,11.1,,,,,,,,,,,否
2025-02-07,五,378,0.3,10.2,,,,,,,,,,,否
2025-02-08,六,214,0.17,5.8,,,,,,,,,,,否
2025-02-09,日,4384,3.45,118.4,,,,,,,,,,,否
2025-02-10,一,23701,18.66,639.9,,,,,,,,,,,是
2025-02-11,二,376,0.3,10.2,,,,,,,,,,,否
2025-02-12,三,460,0.36,12.4,,,,,,,,,,,否
2025-02-13,四,373,0.29,10.1,,,,,,,,,,,否
2025-02-14,五,480,0.38,13.0,,,,,,,,,,,否
2025-02-15,六,4831,3.8,130.4,,,,,,,,,,,否
2025-02-16,日,4064,3.2,109.7,,,,,,,,,,,否
2025-02-17,一,10457,8.23,282.3,,,,,,,,,,,是
2025-02-18,二,6988,5.5,188.7,,,,,,,,,,,否
2025-02-19,三,6222,4.9,168.0,,,,,,,,,,,否
2025-02-20,四,6658,5.24,179.8,,,,,,,,,,,否
2025-02-21,五,4764,3.75,128.6,,,,,,,,,,,否
2025-02-22,六,3806,3.0,102.8,,,,,,,,,,,否
2025-02-23,日,495,0.39,13.4,,,,,,,,,,,否
2025-02-24,一,5463,4.3,147.5,,,,,,,,,,,否
2025-02-25,二,7271,5.73,196.3,,,,,,,,,,,否
2025-02-26,三,5155,4.06,139.2,,,,,,,,,,,否
2025-02-27,四,5054,3.98,136.5,,,,,,,,,,,否
2025-02-28,五,5741,4.52,155.0,,,,,,,,,,,否
2025-03-01,六,1794,1.41,48.4,,,,,,,,,,,否
2025-03-02,日,7013,5.52,189.4,,,,,,,,,,,否
2025-03-03,一,5062,3.99,136.7,,,,,,,,,,,否
2025-03-04,二,7315,5.76,197.5,,,,,,,,,,,否
2025-03-05,三,6386,5.03,172.4,,,,,,,,,,,否
2025-03-06,四,5425,4.27,146.5,,,,,,,,,,,否
2025-03-07,五,9189,7.24,248.1,,,,,,,,,,,是
2025-03-08,六,1397,1.1,37.7,,,,,,,,,,,否
2025-03-09,日,1018,0.8,27.5,,,,,,,,,,,否
2025-03-10,一,6918,5.45,186.8,,,,,,,,,,,否
2025-03-11,二,5232,4.12,141.3,,,,,,,,,,,否
2025-03-12,三,5181,4.08,139.9,,,,,,,,,,,否
2025-03-13,四,6225,4.9,168.1,,,,,,,,,,,否
2025-03-14,五,6956,5.48,187.8,,,,,,,,,,,否
2025-03-15,六,4232,3.33,114.3,,,,,,,,,,,否
2025-03-16,日,4029,3.17,108.8,,,,,,,,,,,否
2025-03-17,一,5370,4.23,145.0,,,,,,,,,,,否
2025-03-18,二,4249,3.35,114.7,,,,,,,,,,,否
2025-03-19,三,4067,3.2,109.8,,,,,,,,,,,否
2025-03-20,四,3622,2.85,97.8,,,,,,,,,,,否
2025-03-21,五,3910,3.08,105.6,,,,,,,,,,,否
2025-03-22,六,2329,1.83,62.9,,,,,,,,,,,否
2025-03-23,日,3672,2.89,99.1,,,,,,,,,,,否
2025-03-24,一,4415,3.48,119.2,,,,,,,,,,,否
2025-03-25,二,3697,2.91,99.8,,,,,,,,,,,否
2025-03-26,三,5762,4.54,155.6,,,,,,,,,,,否
2025-03-27,四,3642,2.87,98.3,,,,,,,,,,,否
2025-03-28,五,4141,3.26,111.8,,,,,,,,,,,否
2025-03-29,六,654,0.52,17.7,,,,,,,,,,,否
2025-03-30,日,5751,4.53,155.3,,,,,,,,,,,否
2025-03-31,一,4098,3.23,110.6,,,,,,,,,,,否
2025-04-01,二,4496,3.54,121.4,,,,,,,,,,,否
2025-04-02,三,5556,4.38,150.0,,,,,,,,,,,否
2025-04-03,四,4943,3.89,133.5,,,,,,,,,,,否
2025-04-04,五,4394,3.46,118.6,,,,,,,,,,,否
2025-04-05,六,232,0.18,6.3,,,,,,,,,,,否
2025-04-06,日,3718,2.93,100.4,,,,,,,,,,,否
2025-04-07,一,4359,3.43,117.7,,,,,,,,,,,否
2025-04-08,二,5213,4.11,140.8,,,,,,,,,,,否
2025-04-09,三,5838,4.6,157.6,,,,,,,,,,,否
2025-04-10,四,7124,5.61,192.3,,,,,,,,,,,否
2025-04-11,五,6177,4.86,166.8,,,,,,,,,,,否
2025-04-12,六,3433,2.7,92.7,,,,,,,,,,,否
2025-04-13,日,1487,1.17,40.1,,,,,,,,,,,否
2025-04-14,一,6010,4.73,162.3,,,,,,,,,,,否
2025-04-15,二,6410,5.05,173.1,,,,,,,,,,,否
2025-04-16,三,5956,4.69,160.8,,,,,,,,,,,否
2025-04-17,四,7580,5.97,204.7,,,,,,,,,,,否
2025-04-18,五,5308,4.18,143.3,,,,,,,,,,,否
2025-04-19,六,4416,3.48,119.2,,,,,,,,,,,否
2025-04-20,日,725,0.57,19.6,,,,,,,,,,,否
2025-04-21,一,7364,5.8,198.8,,,,,,,,,,,否
2025-04-22,二,4998,3.94,134.9,,,,,,,,,,,否
2025-04-23,三,5510,4.34,148.8,,,,,,,,,,,否
2025-04-24,四,8247,6.49,222.7,,,,,,,,,,,是
2025-04-25,五,6606,5.2,178.4,,,,,,,,,,,否
2025-04-26,六,3587,2.82,96.8,,,,,,,,,,,否
2025-04-27,日,7981,6.29,215.5,,,,,,,,,,,否
2025-04-28,一,5709,4.5,154.1,,,,,,,,,,,否
2025-04-29,二,5464,4.3,147.5,,,,,,,,,,,否
2025-04-30,三,6024,4.74,162.6,,,,,,,,,,,否
2025-05-01,四,6359,5.01,171.7,,,,,,,,,,,否
2025-05-02,五,33673,26.52,909.2,,,,,,,,,,,是
2025-05-03,六,28803,22.68,777.7,,,,,,,,,,,是
2025-05-04,日,29886,23.54,806.9,,,,,,,,,,,是
2025-05-05,一,24995,19.68,674.9,,,,,,,,,,,是
2025-05-06,二,4261,3.36,115.0,,,,,,,,,,,否
2025-05-07,三,3859,3.04,104.2,,,,,,,,,,,否
2025-05-08,四,6607,5.2,178.4,,,,,,,,,,,否
2025-05-09,五,6278,4.94,169.5,,,,,,,,,,,否
2025-05-10,六,2996,2.36,80.9,,,,,,,,,,,否
2025-05-11,日,3297,2.6,89.0,,,,,,,,,,,否
2025-05-12,一,4077,3.21,110.1,,,,,,,,,,,否
2025-05-13,二,6111,4.81,165.0,,,,,,,,,,,否
2025-05-14,三,4850,3.82,131.0,,,,,,,,,,,否
2025-05-15,四,3903,3.07,105.4,,,,,,,,,,,否
2025-05-16,五,4987,3.93,134.6,,,,,,,,,,,否
2025-05-17,六,3018,2.38,81.5,,,,,,,,,,,否
2025-05-18,日,4308,3.39,116.3,,,,,,,,,,,否
2025-05-19,一,4285,3.37,115.7,,,,,,,,,,,否
2025-05-20,二,7929,6.24,214.1,,,,,,,,,,,否
2025-05-21,三,5762,4.54,155.6,,,,,,,,,,,否
2025-05-22,四,3845,3.03,103.8,,,,,,,,,,,否
2025-05-23,五,5289,4.17,142.8,,,,,,,,,,,否
2025-05-24,六,8811,6.78,237.9,,,,,,,,,,,是
2025-05-25,日,3538,2.72,95.5,,,,,,,,,,,否
2025-05-26,一,6753,5.2,182.3,,,,,,,,,,,否
2025-05-27,二,4690,3.61,126.6,,,,,,,,,,,否
2025-05-28,三,7184,5.53,194.0,,,,,,,,,,,否
2025-05-29,四,7117,5.48,192.2,,,,,,,,,,,否
2025-05-30,五,6578,5.07,177.6,,,,,,,,,,,否
2025-05-31,六,391,0.3,10.6,,,,,,,,,,,否
2025-06-01,日,587,0.45,15.8,,,,,,,,,,,否
2025-06-02,一,5800,4.47,156.6,,,,,,,,,,,否
2025-06-03,二,3005,2.31,81.1,,,,,,,,,,,否
2025-06-04,三,3968,3.06,107.1,,,,,,,,,,,否
2025-06-05,四,5329,4.1,143.9,,,,,,,,,,,否
2025-06-06,五,4268,3.29,115.2,,,,,,,,,,,否
2025-06-07,六,2345,1.81,63.3,,,,,,,,,,,否
2025-06-08,日,6984,5.38,188.6,,,,,,,,,,,否
2025-06-09,一,3898,3.0,105.2,,,,,,,,,,,否
2025-06-10,二,4374,3.37,118.1,,,,,,,,,,,否
2025-06-11,三,4175,3.21,112.7,,,,,,,,,,,否
2025-06-12,四,4883,3.76,131.8,,,,,,,,,,,否
2025-06-13,五,3191,2.46,86.2,,,,,,,,,,,否
2025-06-14,六,1956,1.51,52.8,,,,,,,,,,,否
2025-06-15,日,693,0.53,18.7,,,,,,,,,,,否
2025-06-16,一,5907,4.55,159.5,,,,,,,,,,,否
2025-06-17,二,3611,2.78,97.5,,,,,,,,,,,否
2025-06-18,三,3709,2.86,100.1,,,,,,,,,,,否
2025-06-19,四,5930,4.57,160.1,,,,,,,,,,,否
2025-06-20,五,4473,3.44,120.8,,,,,,,,,,,否
2025-06-21,六,1561,1.2,42.1,,,,,,,,,,,否
2025-06-22,日,1248,0.96,33.7,,,,,,,,,,,否
2025-06-23,一,4207,3.24,113.6,,,,,,,,,,,否
2025-06-24,二,5146,3.96,138.9,,,,,,,,,,,否
2025-06-25,三,3933,3.03,106.2,,,,,,,,,,,否
2025-06-26,四,1574,1.21,42.5,,,,,,,,,,,否
2025-06-27,五,4036,3.11,109.0,,,,,,,,,,,否
2025-06-28,六,4890,3.77,132.0,,,,,,,,,,,否
2025-06-29,日,1593,1.23,43.0,,,,,,,,,,,否
2025-06-30,一,1281,0.99,34.6,,,,,,,,,,,否
2025-07-01,二,1034,0.8,27.9,,,,,,,,,,,否
2025-07-02,三,1023,0.79,27.6,,,,,,,,,,,否
2025-07-03,四,3650,2.81,98.6,,,,,,,,,,,否
2025-07-04,五,2710,2.09,73.2,,,,,,,,,,,否
2025-07-05,六,3139,2.42,84.8,,,,,,,,,,,否
2025-07-06,日,2201,1.69,59.4,,,,,,,,,,,否
2025-07-07,一,1342,1.03,36.2,,,,,,,,,,,否
2025-07-08,二,1548,1.19,41.8,,,,,,,,,,,否
2025-07-09,三,672,0.52,18.1,,,,,,,,,,,否
2025-07-10,四,2713,2.09,73.3,,,,,,,,,,,否
2025-07-11,五,519,0.4,14.0,,,,,,,,,,,否
2025-07-12,六,898,0.69,24.2,,,,,,,,,,,否
2025-07-13,日,879,0.68,23.7,,,,,,,,,,,否
2025-07-14,一,1082,0.83,29.2,,,,,,,,,,,否
2025-07-15,二,873,0.67,23.6,,,,,,,,,,,否
2025-07-16,三,1775,1.37,47.9,,,,,,,,,,,否
2025-07-17,四,1070,0.82,28.9,,,,,,,,,,,否
2025-07-18,五,1479,1.14,39.9,,,,,,,,,,,否
2025-07-19,六,718,0.55,19.4,,,,,,,,,,,否
2025-07-20,日,1347,1.04,36.4,,,,,,,,,,,否
2025-07-21,一,1286,0.99,34.7,,,,,,,,,,,否
2025-07-22,二,707,0.54,19.1,,,,,,,,,,,否
2025-07-23,三,1064,0.82,28.7,,,,,,,,,,,否
2025-07-24,四,5071,3.9,136.9,,,,,,,,,,,否
2025-07-25,五,1340,1.03,36.2,,,,,,,,,,,否
2025-07-26,六,1349,1.04,36.4,,,,,,,,,,,否
2025-07-27,日,1464,1.13,39.5,,,,,,,,,,,否
2025-07-28,一,348,0.27,9.4,,,,,,,,,,,否
2025-07-29,二,370,0.28,10.0,,,,,,,,,,,否
2025-07-30,三,2933,2.26,79.2,,,,,,,,,,,否
2025-07-31,四,374,0.29,10.1,,,,,,,,,,,否
2025-08-01,五,519,0.4,14.0,,,,,,,,,,,否
2025-08-02,六,498,0.38,13.4,,,,,,,,,,,否
2025-08-03,日,520,0.4,14.0,,,,,,,,,,,否
2025-08-04,一,973,0.75,26.3,,,,,,,,,,,否
2025-08-05,二,6623,5.1,178.8,,,,,,,,,,,否
2025-08-06,三,858,0.66,23.2,,,,,,,,,,,否
2025-08-07,四,4380,3.37,118.3,,,,,,,,,,,否
2025-08-08,五,861,0.66,23.2,,,,,,,,,,,否
2025-08-09,六,309,0.24,8.3,,,,,,,,,,,否
2025-08-10,日,561,0.43,15.1,,,,,,,,,,,否
2025-08-11,一,1359,1.05,36.7,,,,,,,,,,,否
2025-08-12,二,1014,0.78,27.4,,,,,,,,,,,否
2025-08-13,三,1228,0.95,33.2,,,,,,,,,,,否
2025-08-14,四,574,0.44,15.5,,,,,,,,,,,否
2025-08-15,五,814,0.63,22.0,,,,,,,,,,,否
2025-08-16,六,915,0.7,24.7,,,,,,,,,,,否
2025-08-17,日,525,0.4,14.2,,,,,,,,,,,否
2025-08-18,一,755,0.58,20.4,,,,,,,,,,,否
2025-08-19,二,1298,1.0,35.0,,,,,,,,,,,否
2025-08-20,三,731,0.56,19.7,,,,,,,,,,,否
2025-08-21,四,882,0.68,23.8,,,,,,,,,,,否
2025-08-22,五,2686,2.07,72.5,,,,,,,,,,,否
2025-08-23,六,515,0.4,13.9,,,,,,,,,,,否
2025-08-24,日,1004,0.77,27.1,,,,,,,,,,,否
2025-08-25,一,1301,1.0,35.1,,,,,,,,,,,否
2025-08-26,二,888,0.68,24.0,,,,,,,,,,,否
2025-08-27,三,336,0.26,9.1,,,,,,,,,,,否
2025-08-28,四,580,0.45,15.7,,,,,,,,,,,否
2025-08-29,五,819,0.63,22.1,,,,,,,,,,,否
2025-08-30,六,797,0.61,21.5,,,,,,,,,,,否
2025-08-31,日,1331,1.02,35.9,,,,,,,,,,,否
2025-09-01,一,639,0.49,17.3,,,,,,,,,,,否
2025-09-02,二,1388,1.07,37.5,,,,,,,,,,,否
2025-09-03,三,901,0.69,24.3,,,,,,,,,,,否
2025-09-04,四,5417,4.17,146.3,,,,,,,,,,,否
2025-09-05,五,4473,3.44,120.8,,,,,,,,,,,否
2025-09-06,六,8416,6.48,227.2,,,,,,,,,,,是
2025-09-07,日,2049,1.58,55.3,,,,,,,,,,,否
2025-09-08,一,3590,2.76,96.9,,,,,,,,,,,否
2025-09-09,二,3974,3.06,107.3,,,,,,,,,,,否
2025-09-10,三,3314,2.55,89.5,,,,,,,,,,,否
2025-09-11,四,2809,2.16,75.8,,,,,,,,,,,否
2025-09-12,五,3308,2.55,89.3,,,,,,,,,,,否
2025-09-13,六,1751,1.35,47.3,,,,,,,,,,,否
2025-09-14,日,8087,6.23,218.3,,,,,,,,,,,是
2025-09-15,一,5829,4.49,157.4,,,,,,,,,,,否
2025-09-16,二,1260,0.97,34.0,,,,,,,,,,,否
2025-09-17,三,4449,3.43,120.1,,,,,,,,,,,否
2025-09-18,四,4818,3.71,130.1,,,,,,,,,,,否
2025-09-19,五,3911,3.01,105.6,,,,,,,,,,,否
2025-09-20,六,2096,1.61,56.6,,,,,,,,,,,否
2025-09-21,日,3007,2.32,81.2,,,,,,,,,,,否
2025-09-22,一,3306,2.55,89.3,,,,,,,,,,,否
2025-09-23,二,1506,1.16,40.7,,,,,,,,,,,否
2025-09-24,三,6873,5.29,185.6,,,,,,,,,,,否
2025-09-25,四,3964,3.05,107.0,,,,,,,,,,,否
2025-09-26,五,3033,2.34,81.9,,,,,,,,,,,否
2025-09-27,六,1596,1.23,43.1,,,,,,,,,,,否
2025-09-28,日,2214,1.7,59.8,,,,,,,,,,,否
2025-09-29,一,5048,3.89,136.3,,,,,,,,,,,否
2025-09-30,二,3608,2.78,97.4,,,,,,,,,,,否
2025-10-01,三,1600,1.23,43.2,,,,,,,,,,,否
2025-10-02,四,1248,0.96,33.7,,,,,,,,,,,否
2025-10-03,五,7316,5.63,197.5,,,,,,,,,,,否
2025-10-04,六,10610,8.17,286.5,,,,,,,,,,,是
2025-10-05,日,3066,2.36,82.8,,,,,,,,,,,否
2025-10-06,一,5715,4.4,154.3,,,,,,,,,,,否
2025-10-07,二,3373,2.6,91.1,,,,,,,,,,,否
2025-10-08,三,2355,1.81,63.6,,,,,,,,,,,否
2025-10-09,四,3024,2.33,81.6,,,,,,,,,,,否
2025-10-10,五,1454,1.12,39.3,,,,,,,,,,,否
2025-10-11,六,3022,2.33,81.6,,,,,,,,,,,否
2025-10-12,日,5870,4.52,158.5,,,,,,,,,,,否
2025-10-13,一,4028,3.1,108.8,,,,,,,,,,,否
2025-10-14,二,3476,2.68,93.9,,,,,,,,,,,否
2025-10-15,三,3783,2.91,102.1,,,,,,,,,,,否
2025-10-16,四,3025,2.33,81.7,,,,,,,,,,,否
2025-10-17,五,4407,3.39,119.0,,,,,,,,,,,否
2025-10-18,六,1390,1.07,37.5,,,,,,,,,,,否
2025-10-19,日,2506,1.93,67.7,,,,,,,,,,,否
2025-10-20,一,3142,2.42,84.8,,,,,,,,,,,否
2025-10-21,二,4249,3.27,114.7,,,,,,,,,,,否
2025-10-22,三,4984,3.84,134.6,,,,,,,,,,,否
2025-10-23,四,3151,2.43,85.1,,,,,,,,,,,否
2025-10-24,五,4710,3.63,127.2,,,,,,,,,,,否
2025-10-25,六,3031,2.33,81.8,,,,,,,,,,,否
2025-10-26,日,5799,4.47,156.6,,,,,,,,,,,否
2025-10-27,一,6233,4.8,168.3,,,,,,,,,,,否
2025-10-28,二,2557,1.97,69.0,,,,,,,,,,,否
2025-10-29,三,2446,1.88,66.0,,,,,,,,,,,否
2025-10-30,四,2924,2.25,78.9,,,,,,,,,,,否
2025-10-31,五,4120,3.17,111.2,,,,,,,,,,,否
2025-11-01,六,2982,2.3,80.5,,,,,,,,,,,否
2025-11-02,日,1137,0.88,30.7,,,,,,,,,,,否
2025-11-03,一,8547,6.58,230.8,,,,,,,,,,,是
2025-11-04,二,3973,3.06,107.3,,,,,,,,,,,否
2025-11-05,三,1792,1.38,48.4,,,,,,,,,,,否
2025-11-06,四,2176,1.68,58.8,,,,,,,,,,,否
2025-11-07,五,887,0.68,23.9,,,,,,,,,,,否
2025-11-08,六,3511,2.7,94.8,,,,,,,,,,,否
2025-11-09,日,1417,1.09,38.3,,,,,,,,,,,否
2025-11-10,一,5359,4.13,144.7,,,,,,,,,,,否
2025-11-11,二,1746,1.34,47.1,,,,,,,,,,,否
2025-11-12,三,3280,2.53,88.6,,,,,,,,,,,否
2025-11-13,四,2448,1.89,66.1,,,,,,,,,,,否
2025-11-14,五,3826,2.95,103.3,,,,,,,,,,,否
2025-11-15,六,6164,4.75,166.4,,,,,,,,,,,否
2025-11-16,日,1691,1.3,45.7,,,,,,,,,,,否
2025-11-17,一,4315,3.32,116.5,,,,,,,,,,,否
2025-11-18,二,3695,2.85,99.8,,,,,,,,,,,否
2025-11-19,三,4737,3.65,127.9,,,,,,,,,,,否
2025-11-20,四,2802,2.16,75.7,,,,,,,,,,,否
2025-11-21,五,3865,2.98,104.4,,,,,,,,,,,否
2025-11-22,六,11627,8.95,313.9,,,,,,,,,,,是
2025-11-23,日,18826,14.5,508.3,,,,,,,,,,,是
2025-11-24,一,5534,4.26,149.4,,,,,,,,,,,否
2025-11-25,二,3349,2.58,90.4,,,,,,,,,,,否
2025-11-26,三,4413,3.4,119.2,,,,,,,,,,,否
2025-11-27,四,3359,2.59,90.7,,,,,,,,,,,否
2025-11-28,五,4732,3.64,127.8,,,,,,,,,,,否
2025-11-29,六,15120,11.64,408.2,,,,,,,,,,,是
2025-11-30,日,2092,1.61,56.5,,,,,,,,,,,否
2025-12-01,一,4053,3.12,109.4,,,,,,,,,,,否
2025-12-02,二,5334,4.11,144.0,,,,,,,,,,,否
2025-12-03,三,3647,2.81,98.5,,,,,,,,,,,否
2025-12-04,四,2753,2.12,74.3,,,,,,,,,,,否
2025-12-05,五,3360,2.59,90.7,,,,,,,,,,,否
2025-12-06,六,6372,4.91,172.0,,,,,,,,,,,否
2025-12-07,日,4373,3.37,118.1,,,,,,,,,,,否
2025-12-08,一,3391,2.61,91.6,,,,,,,,,,,否
2025-12-09,二,3083,2.37,83.2,,,,,,,,,,,否
2025-12-10,三,2717,2.09,73.4,,,,,,,,,,,否
2025-12-11,四,2444,1.88,66.0,,,,,,,,,,,否
2025-12-12,五,2733,2.1,73.8,,,,,,,,,,,否
2025-12-13,六,4078,3.14,110.1,,,,,,,,,,,否
2025-12-14,日,1033,0.8,27.9,,,,,,,,,,,否
2025-12-15,一,5544,4.27,149.7,,,,,,,,,,,否
2025-12-16,二,4953,3.81,133.7,,,,,,,,,,,否
2025-12-17,三,2893,2.23,78.1,,,,,,,,,,,否
2025-12-18,四,2481,1.91,67.0,,,,,,,,,,,否
2025-12-19,五,2281,1.76,61.6,,,,,,,,,,,否
2025-12-20,六,1975,1.52,53.3,,,,,,,,,,,否
2025-12-21,日,2928,2.25,79.1,,,,,,,,,,,否
2025-12-22,一,4748,3.66,128.2,,,,,,,,,,,否
2025-12-23,二,5316,4.09,143.5,,,,,,,,,,,否
2025-12-24,三,5293,4.08,142.9,,,,,,,,,,,否
2025-12-25,四,5763,4.44,155.6,,,,,,,,,,,否
2025-12-26,五,5919,4.56,159.8,,,,,,,,,,,否
2025-12-27,六,4534,3.49,122.4,,,,,,,,,,,否
2025-12-28,日,1014,0.78,27.4,,,,,,,,,,,否
2025-12-29,一,6247,4.81,168.7,,,,,,,,,,,否
2025-12-30,二,4139,3.19,111.8,,,,,,,,,,,否
2025-12-31,三,4523,3.48,122.1,,,,,,,,,,,否
2026-01-01,四,5478,4.22,147.9,,,,,,,,,,,否
2026-01-02,五,1153,0.89,31.1,,,,,,,,,,,否
2026-01-03,六,2824,2.17,76.2,,,,,,,,,,,否
2026-01-04,日,1615,1.24,43.6,,,,,,,,,,,否
2026-01-05,一,2259,1.74,61.0,,,,,,,,,,,否
2026-01-06,二,1120,0.86,30.2,,,,,,,,,,,否
2026-01-07,三,5092,3.92,137.5,,,,,,,,,,,否
2026-01-08,四,4717,3.63,127.4,,,,,,,,,,,否
2026-01-09,五,1552,1.2,41.9,,,,,,,,,,,否
2026-01-10,六,3681,2.83,99.4,,,,,,,,,,,否
2026-01-11,日,6464,4.98,174.5,,,,,,,,,,,否
2026-01-12,一,5976,4.6,161.4,,,,,,,,,,,否
2026-01-13,二,4238,3.26,114.4,,,,,,,,,,,否
2026-01-14,三,5335,4.11,144.0,,,,,,,,,,,否
2026-01-15,四,6012,4.63,162.3,,,,,,,,,,,否
2026-01-16,五,27767,21.38,749.7,,,,,,,,,,,是
2026-01-17,六,29987,23.09,809.6,,,,,,,,,,,是
2026-01-18,日,23030,17.73,621.8,,,,,,,,,,,是
2026-01-19,一,4857,3.74,131.1,,,,,,,,,,,否
2026-01-20,二,169,0.13,4.6,,,,,,,,,,,否
2026-01-21,三,1005,0.77,27.1,,,,,,,,,,,否
2026-01-22,四,421,0.32,11.4,,,,,,,,,,,否
2026-01-23,五,519,0.4,14.0,,,,,,,,,,,否
2026-01-24,六,763,0.59,20.6,,,,,,,,,,,否
2026-01-25,日,35,0.03,0.9,,,,,,,,,,,否
2026-01-26,一,873,0.67,23.6,,,,,,,,,,,否
2026-01-27,二,547,0.42,14.8,,,,,,,,,,,否
2026-01-28,三,486,0.37,13.1,,,,,,,,,,,否
2026-01-29,四,688,0.53,18.6,,,,,,,,,,,否
2026-01-30,五,897,0.69,24.2,,,,,,,,,,,否
2026-01-31,六,1492,1.17,40.3,,,,,,,,,,,否
2026-02-01,日,1040,0.82,28.1,,,,,,,,,,,否
2026-02-02,一,1443,1.14,39.0,,,,,,,,,,,否
2026-02-03,二,963,0.76,26.0,,,,,,,,,,,否
2026-02-04,三,1502,1.18,40.6,,,,,,,,,,,否
2026-02-05,四,930,0.73,25.1,,,,,,,,,,,否
2026-02-06,五,1272,1.0,34.3,,,,,,,,,,,否
2026-02-07,六,501,0.39,13.5,,,,,,,,,,,否
2026-02-08,日,1446,1.14,39.0,,,,,,,,,,,否
2026-02-09,一,1016,0.8,27.4,,,,,,,,,,,否
2026-02-10,二,901,0.71,24.3,,,,,,,,,,,否
2026-02-11,三,1079,0.85,29.1,,,,,,,,,,,否
2026-02-12,四,2689,2.12,72.6,,,,,,,,,,,否
2026-02-13,五,1020,0.8,27.5,,,,,,,,,,,否
2026-02-14,六,1718,1.35,46.4,,,,,,,,,,,否
2026-02-15,日,2309,1.82,62.3,,,,,,,,,,,否
2026-02-16,一,1763,1.39,47.6,,,,,,,,,,,否
2026-02-17,二,1173,0.92,31.7,,,,,,,,,,,否
2026-02-18,三,2484,1.96,67.1,,,,,,,,,,,否
2026-02-19,四,528,0.42,14.3,,,,,,,,,,,否
2026-02-20,五,4156,3.27,112.2,,,,,,,,,,,否
2026-02-21,六,1026,0.81,27.7,,,,,,,,,,,否
2026-02-22,日,368,0.29,9.9,,,,,,,,,,,否
2026-02-23,一,197,0.16,5.3,,,,,,,,,,,否
2026-02-24,二,302,0.24,8.2,,,,,,,,,,,否
2026-02-25,三,563,0.44,15.2,,,,,,,,,,,否
2026-02-26,四,267,0.21,7.2,,,,,,,,,,,否
2026-02-27,五,2021,1.59,54.6,,,,,,,,,,,否
2026-02-28,六,8323,6.55,224.7,,,,,,,,,,,是
2026-03-01,日,6760,5.24,182.5,,,,,,,,,,,否
2026-03-02,一,8005,6.16,216.1,,,,,,,,,,,是
2026-03-03,二,5505,4.24,148.6,,,,,,,,,,,否
2026-03-04,三,11145,8.58,300.9,,,,,,,,,,,是
2026-03-05,四,11007,8.48,297.2,,,,,,,,,,,是
2026-03-06,五,2437,1.88,65.8,,,,,,,,,,,否
2026-03-07,六,7912,6.09,213.6,,,,,,,,,,,否
2026-03-08,日,9058,6.97,244.6,,,,,,,,,,,是
2026-03-09,一,9458,7.28,255.4,,,,,,,,,,,是
2026-03-10,二,12665,9.75,342.0,,,,,,,,,,,是
2026-03-11,三,6170,4.75,166.6,,,,,,,,,,,否
2026-03-12,四,10168,7.83,274.5,,,,,,,,,,,是
2026-03-13,五,7891,6.08,213.1,,,,,,,,,,,否
2026-03-14,六,8441,6.5,227.9,,,,,,,,,,,是
2026-03-15,日,3684,2.84,99.5,,,,,,,,,,,否
2026-03-16,一,10087,7.77,272.3,,,,,,,,,,,是
2026-03-17,二,7536,5.8,203.5,,,,,,,,,,,否
2026-03-18,三,3423,2.64,92.4,,,,,,,,,,,否
2026-03-19,四,5167,3.98,139.5,,,,,,,,,,,否
2026-03-20,五,2561,1.97,69.1,,,,,,,,,,,否
2026-03-21,六,2475,1.91,66.8,,,,,,,,,,,否
2026-03-22,日,1281,0.99,34.6,,,,,,,,,,,否
2026-03-23,一,5514,4.25,148.9,,,,,,,,,,,否
2026-03-24,二,5467,4.21,147.6,,,,,,,,,,,否
2026-03-25,三,4596,3.54,124.1,,,,,,,,,,,否
2026-03-26,四,5835,4.49,157.5,,,,,,,,,,,否
2026-03-27,五,6302,4.85,170.2,,,,,,,,,,,否
2026-03-28,六,844,0.65,22.8,,,,,,,,,,,否
2026-03-29,日,4062,3.13,109.7,,,,,,,,,,,否
2026-03-30,一,1037,0.8,28.0,,,,,,,,,,,否
2026-03-31,二,6252,4.81,168.8,,,,,,,,,,,否
2026-04-01,三,3633,2.8,98.1,,,,,,,,,,,否
2026-04-02,四,6669,5.14,180.1,,,,,,,,,,,否
2026-04-03,五,1175,0.9,31.7,,,,,,,,,,,否
2026-04-04,六,4956,3.82,133.8,,,,,,,,,,,否
2026-04-05,日,354,0.27,9.6,,,,,,,,,,,否
2026-04-06,一,4167,3.21,112.5,,,,,,,,,,,否
2026-04-07,二,11442,8.81,308.9,,,,,,,,,,,是
2026-04-08,三,2150,1.66,58.1,,,,,,,,,,,否
2026-04-09,四,9785,7.53,264.2,,,,,,,,,,,是
2026-04-10,五,4917,3.79,132.8,,,,,,,,,,,否
2026-04-11,六,980,0.75,26.5,,,,,,,,,,,否
2026-04-12,日,3539,2.73,95.6,,,,,,,,,,,否
2026-04-13,一,5350,4.12,144.5,,,,,,,,,,,否
2026-04-14,二,4428,3.41,119.6,,,,,,,,,,,否
2026-04-15,三,6210,4.78,167.7,,,,,,,,,,,否
2026-04-16,四,2258,1.74,61.0,,,,,,,,,,,否
2026-04-17,五,1602,1.23,43.3,,,,,,,,,,,否
2026-04-18,六,4986,3.84,134.6,,,,,,,,,,,否
2026-04-19,日,2630,2.03,71.0,,,,,,,,,,,否
2026-04-20,一,5506,4.24,148.7,,,,,,,,,,,否
2026-04-21,二,5841,4.5,157.7,,,,,,,,,,,否
2026-04-22,三,6348,4.89,171.4,,,,,,,,,,,否
2026-04-23,四,7238,5.57,195.4,,,,,,,,,,,否
2026-04-24,五,989,0.76,26.7,,,,,,,,,,,否
2026-04-25,六,1817,1.4,49.1,,,,,,,,,,,否
2026-04-26,日,5247,4.04,141.7,,,,,,,,,,,否
2026-04-27,一,6658,5.13,179.8,,,,,,,,,,,否
2026-04-28,二,6235,4.8,168.3,,,,,,,,,,,否
2026-04-29,三,5278,4.06,142.5,,,,,,,,,,,否
2026-04-30,四,4818,3.71,130.1,,,,,,,,,,,否
2026-05-01,五,4598,3.54,124.1,,,,,,,,,,,否
2026-05-02,六,3281,2.53,88.6,,,,,,,,,,,否
2026-05-03,日,6661,5.13,179.8,,,,,,,,,,,否
2026-05-04,一,3291,2.53,88.9,,,,,,,,,,,否
2026-05-05,二,4246,3.27,114.6,,,,,,,,,,,否
2026-05-06,三,6107,4.7,164.9,,,,,,,,,,,否
2026-05-07,四,6834,5.26,184.5,,,,,,,,,,,否
2026-05-08,五,4820,3.71,130.1,,,,,,,,,,,否
2026-05-09,六,8776,6.76,237.0,,,,,,,,,,,是
2026-05-10,日,3924,3.02,105.9,,,,,,,,,,,否
2026-05-11,一,2438,1.88,65.8,,,,,,,,,,,否
2026-05-12,二,3617,2.79,97.7,,,,,,,,,,,否
2026-05-13,三,8488,6.54,229.2,,,,,,,,,,,是
2026-05-14,四,6375,4.91,172.1,,,,,,,,,,,否
2026-05-15,五,3663,2.82,98.9,,,,,,,,,,,否
2026-05-16,六,2570,1.98,69.4,,,,,,,,,,,否
2026-05-17,日,2463,1.9,66.5,,,,,,,,,,,否
2026-05-18,一,4427,3.41,119.5,,,,,,,,,,,否
2026-05-19,二,4700,3.62,126.9,,,,,,,,,,,否
2026-05-20,三,6355,4.89,171.6,,,,,,,,,,,否
2026-05-21,四,4030,3.1,108.8,,,,,,,,,,,否
2026-05-22,五,2452,1.89,66.2,,,,,,,,,,,否
2026-05-23,六,3859,2.97,104.2,,,,,,,,,,,否
2026-05-24,日,9044,6.96,244.2,,,,,,,,,,,是
2026-05-25,一,5122,3.94,138.3,,,,,,,,,,,否
2026-05-26,二,2428,1.87,65.6,,,,,,,,,,,否
2026-05-27,三,2636,2.03,71.2,,,,,,,,,,,否
2026-05-28,四,580,0.45,15.7,,,,,,,,,,,否
2026-05-29,五,3040,2.34,82.1,,,,,,,,,,,否
2026-05-30,六,3968,3.06,107.1,,,,,,,,,,,否
2026-05-31,日,3542,2.73,95.6,,,,,,,,,,,否
2026-06-01,一,2957,2.28,79.8,,,,,,,,,,,否
2026-06-02,二,4683,3.61,126.4,,,,,,,,,,,否
2026-06-03,三,1334,1.03,36.0,,,,,,,,,,,否
2026-06-04,四,3529,2.72,95.3,,,,,,,,,,,否
2026-06-05,五,4248,3.27,114.7,,,,,,,,,,,否
2026-06-06,六,3310,2.55,89.4,,,,,,,,,,,否
2026-06-07,日,654,0.5,17.7,,,,,,,,,,,否
2026-06-08,一,6416,4.94,173.2,,,,,,,,,,,否
2026-06-09,二,9918,7.64,267.8,,,,,,,,,,,是
2026-06-10,三,4324,3.33,116.7,,,,,,,,,,,否
2026-06-11,四,1045,0.8,28.2,,,,,,,,,,,否
2026-06-12,五,5007,3.86,135.2,,,,,,,,,,,否
2026-06-13,六,3954,3.04,106.8,,,,,,,,,,,否
2026-06-14,日,1227,0.94,33.1,,,,,,,,,,,否
2026-06-15,一,6310,4.86,170.4,,,,,,,,,,,否
2026-06-16,二,7675,5.91,207.2,,,,,,,,,,,否
2026-06-17,三,1816,1.4,49.0,,,,,,,,,,,否
2026-06-18,四,6142,4.73,165.8,,,,,,,,,,,否
2026-06-19,五,4223,3.25,114.0,,,,,,,,,,,否
2026-06-20,六,1708,1.32,46.1,,,,,,,,,,,否
2026-06-21,日,1706,1.31,46.1,,,,,,,,,,,否
2026-06-22,一,7712,5.94,208.2,,,,,,,,,,,否
2026-06-23,二,6837,5.26,184.6,,,,,,,,,,,否
2026-06-24,三,8872,6.96,239.5,,,,,,,,,,,是
2026-06-25,四,10628,8.33,287.0,,,,,,,,,,,是
2026-06-26,五,11156,8.79,301.2,,,,,,,,,,,是
2026-06-27,六,2665,2.1,72.0,,,,,,,,,,,否
2026-06-28,日,11978,9.43,323.4,,,,,,,,,,,是
2026-06-29,一,9173,7.22,247.7,,,,,,,,,,,是
2026-06-30,二,5548,4.37,149.8,,,,,,,,,,,否
2026-07-01,三,9293,7.32,250.9,,,,,,,,,,,是
2026-07-02,四,4959,3.91,219.6,,,39.9,47.0,60.0,65.2,74.8,12.8,124.0,1.0,否
2026-07-03,五,3477,2.74,192.1,96.9,92.0,28.0,47.0,55.0,61.0,69.5,12.3,120.0,0.2,否
2026-07-04,六,2702,2.13,196.6,97.4,93.0,30.7,48.0,55.0,61.9,72.3,14.4,108.0,0.0,否
2026-07-05,日,2951,2.32,172.0,96.2,91.0,32.9,48.0,55.0,62.0,71.2,13.0,118.0,0.0,否
2026-07-06,一,1908,1.5,94.2,96.4,92.0,31.2,53.0,52.0,58.7,64.6,9.1,136.0,1.9,否
2026-07-07,二,2624,2.07,158.3,97.0,94.0,28.7,54.0,56.0,62.7,69.8,10.1,127.0,1.7,否
2026-07-08,三,9852,7.78,678.1,96.6,92.0,31.8,61.0,54.0,61.4,113.6,46.0,175.0,43.9,是
2026-07-09,四,11379,9.13,958.8,97.0,95.0,38.3,65.0,56.0,60.9,113.5,46.4,180.0,52.1,是
2026-07-10,五,1137,0.9,88.1,96.8,94.0,30.7,50.0,60.0,65.7,73.1,10.0,112.0,0.0,否
2026-07-11,六,1850,1.46,1595.3,96.7,94.0,29.5,54.0,54.0,59.3,95.8,38.2,140.0,16.7,否
2026-07-12,日,2925,2.3,1673.7,97.2,93.0,33.3,51.0,61.0,66.4,89.9,26.1,131.0,2.3,否
2026-07-13,一,1330,1.05,1696.4,96.6,92.0,25.9,52.0,53.0,59.6,89.9,33.7,132.0,3.6,否
2026-07-14,二,7750,6.17,1068.1,97.3,95.0,26.2,64.0,53.0,59.4,84.4,29.7,178.0,47.6,否
2026-07-15,三,10323,8.13,754.8,96.4,92.0,28.9,60.0,51.0,57.9,120.0,51.8,175.0,50.5,是
2026-07-16,四,2734,2.15,1418.6,97.0,94.0,28.0,60.0,55.0,59.7,103.3,42.2,146.0,52.9,否
2026-07-17,五,2902,2.29,78.4,,,,,,,,,,,否
2026-07-18,六,1440,1.13,126.2,96.5,93.0,26.7,52.0,55.0,61.0,73.8,17.4,125.0,0.6,否
2026-07-19,日,2120,1.67,57.2,,,41.0,41.0,,,,,,,否
2026-07-20,一,11518,9.11,1007.9,96.3,92.0,31.0,64.0,57.0,61.9,85.7,27.7,155.0,11.6,是
2026-07-21,二,1525,1.2,90.1,97.1,92.0,26.9,52.0,52.0,57.8,76.8,24.7,119.0,0.2,否
2026-07-22,三,6691,5.27,322.3,97.1,94.0,28.0,54.0,53.0,59.3,73.5,19.4,148.0,2.1,否
2026-07-23,四,2222,1.75,132.3,97.4,92.0,19.7,59.0,51.0,57.3,70.1,18.3,157.0,5.1,否
2026-07-24,五,2038,1.61,133.9,96.2,92.0,24.3,59.0,56.0,60.8,66.2,8.2,156.0,31.0,否
2026-07-25,六,2614,2.06,80.2,96.7,95.0,43.7,55.0,,,,,,,否
2026-07-26,日,3070,2.42,176.9,97.3,93.0,26.7,53.0,50.0,59.0,71.5,17.5,140.0,0.8,否
2026-07-27,一,2203,1.74,114.7,97.0,93.0,28.4,48.0,52.0,59.8,70.0,14.6,119.0,0.1,否
2026-07-28,二,2989,2.35,134.3,96.6,92.0,22.0,52.0,62.0,67.8,60.7,-11.7,143.0,1.4,否
2026-07-29,三,2395,1.89,151.6,97.1,93.0,31.0,48.0,54.0,61.0,67.3,9.3,120.0,0.1,否
2026-07-30,四,3175,2.5,169.9,97.2,92.0,28.1,62.0,52.0,58.3,73.4,20.6,153.0,6.3,否
2026-07-31,五,10155,8.0,698.5,97.5,93.0,26.1,64.0,51.0,59.0,111.8,47.2,182.0,53.8,是
2026-08-01,六,8555,6.74,583.4,96.8,93.0,32.0,64.0,55.0,59.9,102.5,41.5,164.0,39.9,是
2026-08-02,日,2383,1.88,154.0,96.8,94.0,33.6,55.0,57.0,62.5,75.4,17.1,127.0,2.5,否
2026-08-03,一,10472,8.25,694.6,97.4,94.0,31.6,62.0,53.0,58.6,101.6,42.3,167.0,44.2,是
2026-08-04,二,7363,5.8,376.4,97.2,95.0,39.4,55.0,,,93.9,,140.0,2.2,否
2026-08-05,三,2106,1.66,124.4,97.4,95.0,29.1,53.0,54.0,60.8,71.0,14.3,137.0,5.7,否
2026-08-06,四,3279,2.58,139.6,97.1,94.0,27.3,59.0,54.0,60.3,87.5,31.1,143.0,19.1,否
2026-08-07,五,2499,1.97,106.0,95.8,92.0,44.5,51.0,,,,,,,否
2026-08-08,六,890,0.7,60.0,97.2,92.0,22.3,44.0,49.0,57.6,67.4,14.5,115.0,0.0,否
2026-08-09,日,2352,1.85,153.0,96.9,93.0,24.9,55.0,52.0,58.8,82.7,28.9,137.0,0.1,否
2026-08-10,一,2006,1.58,122.0,96.2,95.0,38.3,48.0,,,,,,,否
2026-08-11,二,3022,2.38,200.2,96.7,94.0,26.1,48.0,54.0,60.2,71.4,15.7,118.0,0.0,否
2026-08-12,三,2166,1.71,88.0,96.5,88.0,24.5,50.0,60.0,65.5,63.9,-2.5,113.0,0.0,否
2026-08-13,四,12845,24.81,978.1,97.3,94.0,26.3,64.0,50.0,57.9,104.7,44.7,178.0,76.5,是
2026-08-14,五,2146,1.69,109.2,96.2,92.0,29.7,45.0,59.0,63.1,65.1,3.2,104.0,0.0,否
2026-08-15,六,2562,2.09,107.2,96.4,91.0,27.4,45.0,54.0,60.0,67.3,10.8,115.0,0.0,否
2026-08-16,日,4336,3.41,204.1,96.8,93.0,29.4,56.0,58.0,63.6,70.5,9.7,138.0,3.0,否
2026-08-17,一,2160,1.7,95.6,97.2,93.0,29.1,45.0,55.0,61.7,72.1,14.4,112.0,0.0,否
2026-08-18,二,1937,1.53,88.8,97.4,94.0,27.1,52.0,50.0,58.2,82.5,29.4,123.0,1.5,否
2026-08-19,三,509,0.4,16.8,96.8,95.0,27.6,50.0,60.0,66.0,63.3,-4.2,99.0,0.0,否
2026-08-20,四,3084,2.43,185.4,97.1,94.0,27.9,48.0,52.0,58.6,71.4,17.9,120.0,0.8,否
2026-08-21,五,3108,2.45,158.5,97.4,94.0,22.7,59.0,50.0,56.9,66.9,14.9,145.0,2.4,否
2026-08-22,六,4060,3.2,252.1,96.4,93.0,37.4,52.0,63.0,72.6,62.3,-16.6,115.0,0.0,否
2026-08-23,日,4087,3.22,199.0,97.3,92.0,27.3,50.0,59.0,64.3,64.4,0.2,135.0,1.5,否
2026-08-24,一,3815,3.0,180.7,96.2,94.0,33.8,50.0,61.0,70.1,68.2,-2.8,130.0,0.4,否
2026-08-25,二,1884,1.48,126.5,96.9,94.0,40.6,56.0,61.0,67.0,87.5,23.4,141.0,15.4,否
2026-08-26,三,4664,3.67,258.2,96.9,91.0,43.8,61.0,69.0,76.2,91.6,16.8,145.0,39.5,否
2026-08-27,四,3716,2.93,210.2,97.0,92.0,33.0,52.0,55.0,63.0,78.7,19.9,131.0,1.5,否
2026-08-28,五,648,0.51,50.9,97.1,89.0,34.2,54.0,55.0,64.7,90.9,28.8,137.0,2.5,否
2026-08-29,六,2657,2.09,119.6,95.8,94.0,47.1,52.0,,,,,,,否
2026-08-30,日,2474,1.95,101.7,96.9,94.0,33.2,50.0,59.0,66.7,73.1,8.9,124.0,0.1,否
2026-08-31,一,1257,0.99,93.5,97.3,92.0,28.3,50.0,56.0,62.0,65.3,5.0,129.0,0.4,否
2026-09-01,二,4519,3.56,235.2,97.0,92.0,32.9,52.0,53.0,59.2,68.5,13.6,126.0,1.3,否
2026-09-02,三,3061,2.41,178.3,96.7,92.0,36.7,57.0,58.0,65.8,74.5,11.7,157.0,5.9,否
2026-09-03,四,4461,3.58,269.8,96.2,92.0,42.1,56.0,66.0,73.3,79.7,8.0,148.0,2.7,否
